regime,evaluation_month,config_id,display_name,feature_subset_type,feature_count,model_family,training_rows,evaluation_rows,positives,negatives,prevalence,average_precision,roc_auc,brier_score,ece_10bin,mce_10bin,precision,recall,f1,specificity,alert_rate,mean_predicted_probability
LEGACY,2023-07,catboost_static_only,MODEL A (Static / CUF-Only),STATIC_ONLY,25,CatBoostClassifier,3906,1480,144,1336,0.0972972972972973,0.334840557775249,0.787674650698603,0.0845566672869893,0.0567731012005125,0.463627265405333,0.448979591836735,0.305555555555556,0.363636363636364,0.959580838323353,0.0662162162162162,0.119591463709437
LEGACY,2023-07,catboost_static_plus_longitudinal,MODEL B (Static + Longitudinal),STATIC_PLUS_LONGITUDINAL,36,CatBoostClassifier,3906,1480,144,1336,0.0972972972972973,0.317432979085178,0.77708125415835,0.0907675057137011,0.0618967189000043,0.399912082139621,0.3359375,0.298611111111111,0.316176470588235,0.936377245508982,0.0864864864864865,0.126314014346115
LEGACY,2023-07,catboost_longitudinal_only,MODEL C (Longitudinal-Only),LONGITUDINAL_ONLY,11,CatBoostClassifier,3906,1480,144,1336,0.0972972972972973,0.241620454009408,0.685423423985363,0.090539369709323,0.0516901098011796,0.93006635805763,0.357894736842105,0.236111111111111,0.284518828451883,0.95434131736527,0.0641891891891892,0.148987407098477
LEGACY,2023-08,catboost_static_only,MODEL A (Static / CUF-Only),STATIC_ONLY,25,CatBoostClassifier,5372,1590,130,1460,0.0817610062893082,0.32479362991649,0.807976817702845,0.070876859413045,0.0417716242149388,0.330745737288226,0.382716049382716,0.238461538461538,0.293838862559242,0.965753424657534,0.0509433962264151,0.101302998729206
LEGACY,2023-08,catboost_static_plus_longitudinal,MODEL B (Static + Longitudinal),STATIC_PLUS_LONGITUDINAL,36,CatBoostClassifier,5372,1590,130,1460,0.0817610062893082,0.318558020842367,0.808893572181243,0.0740204712897171,0.0454033173542198,0.552540782519452,0.346153846153846,0.276923076923077,0.307692307692308,0.953424657534247,0.0654088050314465,0.103607737946514
LEGACY,2023-08,catboost_longitudinal_only,MODEL C (Longitudinal-Only),LONGITUDINAL_ONLY,11,CatBoostClassifier,5372,1590,130,1460,0.0817610062893082,0.18464585929229,0.663005795574289,0.0801005436438853,0.0566028396482614,0.820187534119955,0.303571428571429,0.130769230769231,0.182795698924731,0.973287671232877,0.0352201257861635,0.13836384593757
LEGACY,2024-06,catboost_static_only,MODEL A (Static / CUF-Only),STATIC_ONLY,25,CatBoostClassifier,11477,1706,141,1565,0.0826494724501759,0.390849940470531,0.795164616046949,0.0650158775477961,0.0362788051796579,0.218240648020091,0.566037735849057,0.212765957446809,0.309278350515464,0.985303514376997,0.0310668229777257,0.106322340008227
LEGACY,2024-06,catboost_static_plus_longitudinal,MODEL B (Static + Longitudinal),STATIC_PLUS_LONGITUDINAL,36,CatBoostClassifier,11477,1706,141,1565,0.0826494724501759,0.36969146187591,0.784011963836585,0.0670290050784581,0.0367239849546016,0.245738778387363,0.6,0.212765957446809,0.31413612565445,0.987220447284345,0.0293083235638921,0.105225881416096
LEGACY,2024-06,catboost_longitudinal_only,MODEL C (Longitudinal-Only),LONGITUDINAL_ONLY,11,CatBoostClassifier,11477,1706,141,1565,0.0826494724501759,0.170283129921015,0.725028889946299,0.0718463242213466,0.0323076601728397,0.0679447348419857,,0,0,1,0,0.114957132623016
LEGACY,2024-07,catboost_static_only,MODEL A (Static / CUF-Only),STATIC_ONLY,25,CatBoostClassifier,11477,1633,160,1473,0.0979791794243723,0.343482745720621,0.776094704684318,0.0786526885679034,0.0259755223026501,0.491829838234266,0.489795918367347,0.15,0.229665071770335,0.983027834351663,0.030006123698714,0.105511830813713
LEGACY,2024-07,catboost_static_plus_longitudinal,MODEL B (Static + Longitudinal),STATIC_PLUS_LONGITUDINAL,36,CatBoostClassifier,11477,1633,160,1473,0.0979791794243723,0.352116213987599,0.777893754243042,0.0784698193363375,0.0321339785019222,0.243851134186396,0.541666666666667,0.1625,0.25,0.985064494229464,0.0293937538273117,0.10851494776349
LEGACY,2024-07,catboost_longitudinal_only,MODEL C (Longitudinal-Only),LONGITUDINAL_ONLY,11,CatBoostClassifier,11477,1633,160,1473,0.0979791794243723,0.278515799711452,0.739470892735913,0.0808747099081455,0.0359890168404958,0.785810550978082,0.222222222222222,0.0125,0.0236686390532544,0.995247793618466,0.00551132884262094,0.125734003156021
LEGACY,2024-08,catboost_static_only,MODEL A (Static / CUF-Only),STATIC_ONLY,25,CatBoostClassifier,11477,1623,166,1457,0.102279728897104,0.323824199845286,0.744168162009741,0.0833981766510947,0.0287955406245608,0.372009096707729,0.476190476190476,0.120481927710843,0.192307692307692,0.984900480439259,0.0258780036968577,0.102304634277966
LEGACY,2024-08,catboost_static_plus_longitudinal,MODEL B (Static + Longitudinal),STATIC_PLUS_LONGITUDINAL,36,CatBoostClassifier,11477,1623,166,1457,0.102279728897104,0.337960528738107,0.751585614937444,0.0824759027297279,0.0290143074558815,0.442750024810889,0.448979591836735,0.132530120481928,0.204651162790698,0.981468771448181,0.0301910043130006,0.107190124514215
LEGACY,2024-08,catboost_longitudinal_only,MODEL C (Longitudinal-Only),LONGITUDINAL_ONLY,11,CatBoostClassifier,11477,1623,166,1457,0.102279728897104,0.314296959430948,0.739723478677924,0.08140511524551,0.0280564705205661,0.514001213533183,0.605263157894737,0.13855421686747,0.225490196078431,0.989704873026767,0.0234134319162046,0.127512213516739
LEGACY,2024-09,catboost_static_only,MODEL A (Static / CUF-Only),STATIC_ONLY,25,CatBoostClassifier,11477,1613,169,1444,0.104773713577185,0.335935650413341,0.757220246193185,0.0852904354370723,0.0351127771201976,0.535896721064524,0.446428571428571,0.14792899408284,0.222222222222222,0.978531855955679,0.0347179169249845,0.112094751798332
LEGACY,2024-09,catboost_static_plus_longitudinal,MODEL B (Static + Longitudinal),STATIC_PLUS_LONGITUDINAL,36,CatBoostClassifier,11477,1613,169,1444,0.104773713577185,0.363294155675363,0.768009637922274,0.0840562983175249,0.0337397144990516,0.293020509753827,0.46969696969697,0.183431952662722,0.263829787234043,0.975761772853186,0.0409175449473032,0.117210964860832
LEGACY,2024-09,catboost_longitudinal_only,MODEL C (Longitudinal-Only),LONGITUDINAL_ONLY,11,CatBoostClassifier,11477,1613,169,1444,0.104773713577185,0.349343758036503,0.727443901719419,0.0823235601178454,0.0292647938143281,0.305285095990867,0.615384615384615,0.142011834319527,0.230769230769231,0.989612188365651,0.0241785492870428,0.130664698115008
LEGACY,2024-10,catboost_static_only,MODEL A (Static / CUF-Only),STATIC_ONLY,25,CatBoostClassifier,13183,1611,135,1476,0.0837988826815642,0.445986799424679,0.840906353507979,0.0601863757912409,0.018656404479385,0.439957738735593,0.680851063829787,0.237037037037037,0.351648351648352,0.989837398373984,0.0291744258224705,0.0891719796770153
LEGACY,2024-10,catboost_static_plus_longitudinal,MODEL B (Static + Longitudinal),STATIC_PLUS_LONGITUDINAL,36,CatBoostClassifier,13183,1611,135,1476,0.0837988826815642,0.418576756072779,0.83404597008933,0.0630450247997446,0.024559486342175,0.269208216241043,0.583333333333333,0.311111111111111,0.405797101449275,0.979674796747967,0.0446927374301676,0.100639040195084
LEGACY,2024-10,catboost_longitudinal_only,MODEL C (Longitudinal-Only),LONGITUDINAL_ONLY,11,CatBoostClassifier,13183,1611,135,1476,0.0837988826815642,0.359360129474279,0.756356017263876,0.0674314855899527,0.0455499339098255,0.150434525679639,0.647058823529412,0.162962962962963,0.260355029585799,0.991869918699187,0.021104903786468,0.12836128951177
LEGACY,2024-11,catboost_static_only,MODEL A (Static / CUF-Only),STATIC_ONLY,25,CatBoostClassifier,14816,1092,94,998,0.0860805860805861,0.72203331691518,0.915053511277875,0.0462575122909394,0.0219305376445833,0.442399367877395,0.967741935483871,0.319148936170213,0.48,0.998997995991984,0.0283882783882784,0.0669169501791559
LEGACY,2024-11,catboost_static_plus_longitudinal,MODEL B (Static + Longitudinal),STATIC_PLUS_LONGITUDINAL,36,CatBoostClassifier,14816,1092,94,998,0.0860805860805861,0.632825841950835,0.895716965846587,0.050513973182261,0.0149603433710465,0.368469113941906,0.870967741935484,0.287234042553192,0.432,0.995991983967936,0.0283882783882784,0.0808312553180258
LEGACY,2024-11,catboost_longitudinal_only,MODEL C (Longitudinal-Only),LONGITUDINAL_ONLY,11,CatBoostClassifier,14816,1092,94,998,0.0860805860805861,0.674960908581209,0.854011213917196,0.0574284739893889,0.0593138001980753,0.686854047641951,1,0.170212765957447,0.290909090909091,1,0.0146520146520147,0.0838189817012847
LEGACY,2024-12,catboost_static_only,MODEL A (Static / CUF-Only),STATIC_ONLY,25,CatBoostClassifier,16439,1113,133,980,0.119496855345912,0.688431843941124,0.856045726561301,0.0684498375342699,0.049767277577792,0.516220405633795,0.975,0.293233082706767,0.450867052023121,0.998979591836735,0.0359389038634322,0.06972957776812
LEGACY,2024-12,catboost_static_plus_longitudinal,MODEL B (Static + Longitudinal),STATIC_PLUS_LONGITUDINAL,36,CatBoostClassifier,16439,1113,133,980,0.119496855345912,0.632453623263964,0.839151450053706,0.0703022350661322,0.0374776154296715,0.343374678351777,0.954545454545455,0.315789473684211,0.474576271186441,0.997959183673469,0.0395327942497754,0.0838175717212779
LEGACY,2024-12,catboost_longitudinal_only,MODEL C (Longitudinal-Only),LONGITUDINAL_ONLY,11,CatBoostClassifier,16439,1113,133,980,0.119496855345912,0.635771599604603,0.804768298296762,0.0841456267367045,0.0439394862382174,0.747155536028143,1,0.0827067669172932,0.152777777777778,1,0.00988319856244385,0.0801058765888652
LEGACY,2025-01,catboost_static_only,MODEL A (Static / CUF-Only),STATIC_ONLY,25,CatBoostClassifier,18052,1109,135,974,0.121731289449955,0.697278170330374,0.871138489618982,0.0717788525903582,0.0518193022607011,0.490514240665993,1,0.237037037037037,0.383233532934132,1,0.0288548241659152,0.0699119871892538
LEGACY,2025-01,catboost_static_plus_longitudinal,MODEL B (Static + Longitudinal),STATIC_PLUS_LONGITUDINAL,36,CatBoostClassifier,18052,1109,135,974,0.121731289449955,0.621403206106715,0.847714655106852,0.0737430744838583,0.0428037528616645,0.339345887968045,0.923076923076923,0.266666666666667,0.413793103448276,0.996919917864476,0.0351668169522092,0.0789275365882904
LEGACY,2025-01,catboost_longitudinal_only,MODEL C (Longitudinal-Only),LONGITUDINAL_ONLY,11,CatBoostClassifier,18052,1109,135,974,0.121731289449955,0.707629936928004,0.850110274545593,0.0779545339926303,0.0432456244786798,0.674866115721575,0.961538461538462,0.185185185185185,0.31055900621118,0.998973305954825,0.0234445446348061,0.0820512818045094
LEGACY,2025-02,catboost_static_only,MODEL A (Static / CUF-Only),STATIC_ONLY,25,CatBoostClassifier,19663,983,43,940,0.0437436419125127,0.0699181151108874,0.627115289460663,0.0444473844353326,0.0329779207146661,0.522011105788386,0,0,,0.998936170212766,0.00101729399796541,0.0404053527063768
LEGACY,2025-02,catboost_static_plus_longitudinal,MODEL B (Static + Longitudinal),STATIC_PLUS_LONGITUDINAL,36,CatBoostClassifier,19663,983,43,940,0.0437436419125127,0.0710615394336613,0.638718456209797,0.0457314458796748,0.0349100063249105,0.553713986543399,0,0,,0.99468085106383,0.00508646998982706,0.0415697586151492
LEGACY,2025-02,catboost_longitudinal_only,MODEL C (Longitudinal-Only),LONGITUDINAL_ONLY,11,CatBoostClassifier,19663,983,43,940,0.0437436419125127,0.0457842317349554,0.471115784265215,0.04278407480967,0.00959262315344185,0.357461056075177,,0,0,1,0,0.0533362650659546
LEGACY,2025-03,catboost_static_only,MODEL A (Static / CUF-Only),STATIC_ONLY,25,CatBoostClassifier,20755,1446,156,1290,0.107883817427386,0.564220195597891,0.869459352017492,0.0677278297402127,0.0109485256393596,0.146429949362088,0.661971830985915,0.301282051282051,0.414096916299559,0.981395348837209,0.0491009681881051,0.108441200131647
LEGACY,2025-03,catboost_static_plus_longitudinal,MODEL B (Static + Longitudinal),STATIC_PLUS_LONGITUDINAL,36,CatBoostClassifier,20755,1446,156,1290,0.107883817427386,0.585065980965533,0.875218644404691,0.0678121110070021,0.0288971989284751,0.194406617024964,0.629310344827586,0.467948717948718,0.536764705882353,0.966666666666667,0.0802213001383126,0.131483574267481
LEGACY,2025-03,catboost_longitudinal_only,MODEL C (Longitudinal-Only),LONGITUDINAL_ONLY,11,CatBoostClassifier,20755,1446,156,1290,0.107883817427386,0.47524365772705,0.798737825482011,0.162991535395031,0.16210212876421,0.604675862222711,0.266203703703704,0.737179487179487,0.391156462585034,0.754263565891473,0.298755186721992,0.265609650229775
MODERN,2025-12,logistic_static_only,MODEL A (Static / CUF-Only),STATIC_ONLY,25,LogisticRegression,1447,1338,608,730,0.45440956651719,0.772510151806757,0.859764780100937,0.173846269062308,0.139183283319229,0.29752203507489,0.800531914893617,0.495065789473684,0.611788617886179,0.897260273972603,0.28101644245142,0.35796302030038
MODERN,2025-12,logistic_static_plus_longitudinal,MODEL B (Static + Longitudinal),STATIC_PLUS_LONGITUDINAL,36,LogisticRegression,1447,1338,608,730,0.45440956651719,0.567849513721486,0.658505317231435,0.248475120784974,0.1737687343688,0.288989093187206,0.523041474654378,0.373355263157895,0.435700575815739,0.716438356164384,0.324364723467862,0.412223006437753
MODERN,2025-12,logistic_longitudinal_only,MODEL C (Longitudinal-Only),LONGITUDINAL_ONLY,11,LogisticRegression,1447,1338,608,730,0.45440956651719,0.630900063375924,0.702071692501802,0.309813253567723,0.274819606902501,0.999182116274671,0.67741935483871,0.0345394736842105,0.0657276995305165,0.986301369863014,0.023168908819133,0.192241394758456
MODERN,2026-01,logistic_static_only,MODEL A (Static / CUF-Only),STATIC_ONLY,25,LogisticRegression,2178,1630,739,891,0.453374233128834,0.793197230695808,0.866625964957043,0.179731702472994,0.139656455193109,0.312381088568207,0.831062670299727,0.412719891745602,0.551537070524412,0.930415263748597,0.225153374233129,0.326560151918446
MODERN,2026-01,logistic_static_plus_longitudinal,MODEL B (Static + Longitudinal),STATIC_PLUS_LONGITUDINAL,36,LogisticRegression,2178,1630,739,891,0.453374233128834,0.775079014072778,0.851952087405403,0.184934218766891,0.144767295226917,0.333678072656734,0.80622009569378,0.456021650879567,0.582541054451167,0.909090909090909,0.256441717791411,0.315568247249843
MODERN,2026-01,logistic_longitudinal_only,MODEL C (Longitudinal-Only),LONGITUDINAL_ONLY,11,LogisticRegression,2178,1630,739,891,0.453374233128834,0.67050464501465,0.755552821858641,0.320764074075201,0.321064267521622,0.943769469693663,0.666666666666667,0.0081190798376184,0.0160427807486631,0.996632996632997,0.00552147239263804,0.135314259305952
MODERN,2026-02,logistic_static_only,MODEL A (Static / CUF-Only),STATIC_ONLY,25,LogisticRegression,2937,1867,947,920,0.507230851633637,0.801013974115293,0.845943712409899,0.204569214934122,0.184693850861494,0.389376969751924,0.837004405286344,0.401267159450898,0.542469664525339,0.919565217391304,0.24317086234601,0.332404246674424
MODERN,2026-02,logistic_static_plus_longitudinal,MODEL B (Static + Longitudinal),STATIC_PLUS_LONGITUDINAL,36,LogisticRegression,2937,1867,947,920,0.507230851633637,0.815060010033558,0.856094761489371,0.214188784279631,0.217270931818068,0.427206252718593,0.854625550660793,0.409714889123548,0.553890078515346,0.928260869565217,0.24317086234601,0.298625165206754
MODERN,2026-02,logistic_longitudinal_only,MODEL C (Longitudinal-Only),LONGITUDINAL_ONLY,11,LogisticRegression,2937,1867,947,920,0.507230851633637,0.686012115707772,0.704489578072632,0.364313625952583,0.369493454892931,0.562616237989902,0.888888888888889,0.00844772967265047,0.0167364016736402,0.998913043478261,0.0048205677557579,0.137856390014006
MODERN,2026-03,logistic_static_only,MODEL A (Static / CUF-Only),STATIC_ONLY,25,LogisticRegression,3709,1730,724,1006,0.41849710982659,0.691588555412104,0.828541183836209,0.213262599436719,0.179620439609574,0.946692380283054,0.43859649122807,0.0345303867403315,0.0640204865556978,0.968190854870775,0.0329479768786127,0.251102706525989
MODERN,2026-03,logistic_static_plus_longitudinal,MODEL B (Static + Longitudinal),STATIC_PLUS_LONGITUDINAL,36,LogisticRegression,3709,1730,724,1006,0.41849710982659,0.76028452964378,0.846030172555825,0.218776170198675,0.221200916622946,0.965999693294395,0.850931677018634,0.189226519337017,0.309604519774011,0.976143141153082,0.0930635838150289,0.203439527412159
MODERN,2026-03,logistic_longitudinal_only,MODEL C (Longitudinal-Only),LONGITUDINAL_ONLY,11,LogisticRegression,3709,1730,724,1006,0.41849710982659,0.678303995746937,0.787688921718309,0.264814470373662,0.253850303214895,0.937886551417906,0.62962962962963,0.0234806629834254,0.0452729693741678,0.990059642147117,0.015606936416185,0.168069799166591
MODERN,2026-04,logistic_static_only,MODEL A (Static / CUF-Only),STATIC_ONLY,25,LogisticRegression,5047,1625,662,963,0.407384615384615,0.699921577051657,0.835461940750362,0.180243730477765,0.11216664692566,0.511673491608598,0.814720812182741,0.484894259818731,0.607954545454546,0.924195223260644,0.242461538461538,0.328400260729561
MODERN,2026-04,logistic_static_plus_longitudinal,MODEL B (Static + Longitudinal),STATIC_PLUS_LONGITUDINAL,36,LogisticRegression,5047,1625,662,963,0.407384615384615,0.692039626664686,0.807954748661189,0.194687442954207,0.122717331081744,0.720929729367279,0.753943217665615,0.361027190332326,0.488253319713994,0.919003115264797,0.195076923076923,0.28952320291723
MODERN,2026-04,logistic_longitudinal_only,MODEL C (Longitudinal-Only),LONGITUDINAL_ONLY,11,LogisticRegression,5047,1625,662,963,0.407384615384615,0.59056449123029,0.721750069803265,0.236366945814524,0.149778180250885,0.649673520775833,0.612903225806452,0.172205438066465,0.268867924528302,0.925233644859813,0.114461538461538,0.267252057091579
