regime,candidate_model,bin_index,lower_bound,upper_bound,rows,mean_predicted_probability,observed_positive_rate,calibration_gap
LEGACY,prevalence,1,0,0.1,0,,,
LEGACY,prevalence,2,0.1,0.2,0,,,
LEGACY,prevalence,3,0.2,0.3,0,,,
LEGACY,prevalence,4,0.3,0.4,8229,0.337669,0.273666,0.064003
LEGACY,prevalence,5,0.4,0.5,0,,,
LEGACY,prevalence,6,0.5,0.6,0,,,
LEGACY,prevalence,7,0.6,0.7,0,,,
LEGACY,prevalence,8,0.7,0.8,0,,,
LEGACY,prevalence,9,0.8,0.9,0,,,
LEGACY,prevalence,10,0.9,1,0,,,
LEGACY,logistic_unweighted,1,0,0.1,987,0.073446,0.055724,0.017721
LEGACY,logistic_unweighted,2,0.1,0.2,1439,0.146298,0.09173,0.054568
LEGACY,logistic_unweighted,3,0.2,0.3,1150,0.253005,0.130435,0.12257
LEGACY,logistic_unweighted,4,0.3,0.4,1518,0.346265,0.21278,0.133485
LEGACY,logistic_unweighted,5,0.4,0.5,1063,0.447421,0.340546,0.106875
LEGACY,logistic_unweighted,6,0.5,0.6,684,0.545921,0.5,0.045921
LEGACY,logistic_unweighted,7,0.6,0.7,520,0.651371,0.586538,0.064833
LEGACY,logistic_unweighted,8,0.7,0.8,378,0.748172,0.664021,0.084151
LEGACY,logistic_unweighted,9,0.8,0.9,332,0.843986,0.695783,0.148203
LEGACY,logistic_unweighted,10,0.9,1,158,0.949181,0.639241,0.30994
LEGACY,logistic_balanced,1,0,0.1,159,0.066151,0.075472,0.00932
LEGACY,logistic_balanced,2,0.1,0.2,1161,0.151991,0.060293,0.091699
LEGACY,logistic_balanced,3,0.2,0.3,1129,0.252704,0.090345,0.162358
LEGACY,logistic_balanced,4,0.3,0.4,1368,0.353958,0.143275,0.210683
LEGACY,logistic_balanced,5,0.4,0.5,1386,0.4465,0.208514,0.237987
LEGACY,logistic_balanced,6,0.5,0.6,956,0.547514,0.373431,0.174083
LEGACY,logistic_balanced,7,0.6,0.7,651,0.646909,0.486943,0.159965
LEGACY,logistic_balanced,8,0.7,0.8,466,0.752945,0.577253,0.175692
LEGACY,logistic_balanced,9,0.8,0.9,528,0.849415,0.685606,0.163809
LEGACY,logistic_balanced,10,0.9,1,425,0.941118,0.654118,0.287001
LEGACY,catboost_unweighted,1,0,0.1,3223,0.045611,0.040645,0.004966
LEGACY,catboost_unweighted,2,0.1,0.2,1409,0.142789,0.12775,0.015039
LEGACY,catboost_unweighted,3,0.2,0.3,679,0.246119,0.238586,0.007533
LEGACY,catboost_unweighted,4,0.3,0.4,491,0.3457,0.366599,0.020899
LEGACY,catboost_unweighted,5,0.4,0.5,358,0.450689,0.488827,0.038138
LEGACY,catboost_unweighted,6,0.5,0.6,310,0.552015,0.529032,0.022983
LEGACY,catboost_unweighted,7,0.6,0.7,328,0.649631,0.615854,0.033778
LEGACY,catboost_unweighted,8,0.7,0.8,348,0.747594,0.683908,0.063686
LEGACY,catboost_unweighted,9,0.8,0.9,377,0.854966,0.718833,0.136133
LEGACY,catboost_unweighted,10,0.9,1,706,0.951381,0.77762,0.173761
LEGACY,catboost_balanced,1,0,0.1,2305,0.050638,0.032538,0.0181
LEGACY,catboost_balanced,2,0.1,0.2,1428,0.145252,0.066527,0.078726
LEGACY,catboost_balanced,3,0.2,0.3,830,0.246361,0.142169,0.104192
LEGACY,catboost_balanced,4,0.3,0.4,549,0.34782,0.222222,0.125598
LEGACY,catboost_balanced,5,0.4,0.5,468,0.448596,0.318376,0.13022
LEGACY,catboost_balanced,6,0.5,0.6,389,0.549126,0.439589,0.109537
LEGACY,catboost_balanced,7,0.6,0.7,373,0.651054,0.490617,0.160437
LEGACY,catboost_balanced,8,0.7,0.8,418,0.749472,0.595694,0.153779
LEGACY,catboost_balanced,9,0.8,0.9,534,0.852367,0.700375,0.151992
LEGACY,catboost_balanced,10,0.9,1,935,0.953852,0.765775,0.188076
MODERN,prevalence,1,0,0.1,0,,,
MODERN,prevalence,2,0.1,0.2,0,,,
MODERN,prevalence,3,0.2,0.3,0,,,
MODERN,prevalence,4,0.3,0.4,5128,0.368403,0.233424,0.134978
MODERN,prevalence,5,0.4,0.5,2894,0.404443,0.128887,0.275555
MODERN,prevalence,6,0.5,0.6,0,,,
MODERN,prevalence,7,0.6,0.7,0,,,
MODERN,prevalence,8,0.7,0.8,0,,,
MODERN,prevalence,9,0.8,0.9,0,,,
MODERN,prevalence,10,0.9,1,0,,,
MODERN,logistic_unweighted,1,0,0.1,1651,0.0514,0.20109,0.14969
MODERN,logistic_unweighted,2,0.1,0.2,2300,0.150361,0.181739,0.031378
MODERN,logistic_unweighted,3,0.2,0.3,1040,0.248209,0.191346,0.056863
MODERN,logistic_unweighted,4,0.3,0.4,1095,0.338531,0.178082,0.160449
MODERN,logistic_unweighted,5,0.4,0.5,789,0.457957,0.183777,0.27418
MODERN,logistic_unweighted,6,0.5,0.6,490,0.541588,0.246939,0.29465
MODERN,logistic_unweighted,7,0.6,0.7,453,0.644333,0.181015,0.463317
MODERN,logistic_unweighted,8,0.7,0.8,121,0.743706,0.38843,0.355276
MODERN,logistic_unweighted,9,0.8,0.9,68,0.843982,0.426471,0.417511
MODERN,logistic_unweighted,10,0.9,1,15,0.951164,0.133333,0.817831
MODERN,logistic_balanced,1,0,0.1,1042,0.047235,0.184261,0.137026
MODERN,logistic_balanced,2,0.1,0.2,1484,0.154375,0.175876,0.021501
MODERN,logistic_balanced,3,0.2,0.3,1657,0.243991,0.17924,0.064751
MODERN,logistic_balanced,4,0.3,0.4,989,0.353516,0.200202,0.153313
MODERN,logistic_balanced,5,0.4,0.5,959,0.436591,0.200209,0.236382
MODERN,logistic_balanced,6,0.5,0.6,799,0.557249,0.195244,0.362005
MODERN,logistic_balanced,7,0.6,0.7,481,0.640479,0.237006,0.403473
MODERN,logistic_balanced,8,0.7,0.8,462,0.738509,0.203463,0.535046
MODERN,logistic_balanced,9,0.8,0.9,112,0.846566,0.473214,0.373352
MODERN,logistic_balanced,10,0.9,1,37,0.936942,0.351351,0.585591
MODERN,catboost_unweighted,1,0,0.1,2211,0.042645,0.098146,0.0555
MODERN,catboost_unweighted,2,0.1,0.2,1255,0.14761,0.184064,0.036454
MODERN,catboost_unweighted,3,0.2,0.3,979,0.248005,0.202247,0.045758
MODERN,catboost_unweighted,4,0.3,0.4,834,0.347447,0.18705,0.160396
MODERN,catboost_unweighted,5,0.4,0.5,520,0.446306,0.205769,0.240537
MODERN,catboost_unweighted,6,0.5,0.6,518,0.550391,0.208494,0.341897
MODERN,catboost_unweighted,7,0.6,0.7,450,0.649769,0.251111,0.398658
MODERN,catboost_unweighted,8,0.7,0.8,506,0.751356,0.326087,0.425269
MODERN,catboost_unweighted,9,0.8,0.9,427,0.849964,0.327869,0.522096
MODERN,catboost_unweighted,10,0.9,1,322,0.939471,0.419255,0.520216
MODERN,catboost_balanced,1,0,0.1,1691,0.04567,0.080426,0.034756
MODERN,catboost_balanced,2,0.1,0.2,1096,0.14865,0.168796,0.020145
MODERN,catboost_balanced,3,0.2,0.3,969,0.248433,0.172343,0.07609
MODERN,catboost_balanced,4,0.3,0.4,897,0.348809,0.204013,0.144795
MODERN,catboost_balanced,5,0.4,0.5,733,0.447175,0.20191,0.245265
MODERN,catboost_balanced,6,0.5,0.6,596,0.548849,0.209732,0.339118
MODERN,catboost_balanced,7,0.6,0.7,516,0.648764,0.224806,0.423958
MODERN,catboost_balanced,8,0.7,0.8,574,0.750429,0.285714,0.464715
MODERN,catboost_balanced,9,0.8,0.9,571,0.85214,0.308231,0.543909
MODERN,catboost_balanced,10,0.9,1,379,0.9401,0.448549,0.491551
