regime,candidate_model,feature_name,importance_type,importance_value,rank
LEGACY,logistic_unweighted,sector,MEAN_STANDARDIZED_COEFFICIENT,0.504618,1
LEGACY,logistic_unweighted,agency,MEAN_STANDARDIZED_COEFFICIENT,-2.983369,2
LEGACY,logistic_unweighted,state,MEAN_STANDARDIZED_COEFFICIENT,4.225604,3
LEGACY,logistic_unweighted,original_cost,MEAN_STANDARDIZED_COEFFICIENT,-0.126699,4
LEGACY,logistic_unweighted,cumulative_expenditure_t,MEAN_STANDARDIZED_COEFFICIENT,0,5
LEGACY,logistic_unweighted,revised_cost_t,MEAN_STANDARDIZED_COEFFICIENT,-0.132558,6
LEGACY,logistic_unweighted,physical_progress_t,MEAN_STANDARDIZED_COEFFICIENT,0,7
LEGACY,logistic_unweighted,project_age_months,MEAN_STANDARDIZED_COEFFICIENT,-0.043202,8
LEGACY,logistic_unweighted,months_to_original_schedule,MEAN_STANDARDIZED_COEFFICIENT,-0.050172,9
LEGACY,logistic_unweighted,months_to_effective_schedule,MEAN_STANDARDIZED_COEFFICIENT,-0.07532,10
LEGACY,logistic_unweighted,schedule_revision_lag_months,MEAN_STANDARDIZED_COEFFICIENT,0,11
LEGACY,logistic_unweighted,schedule_has_been_revised,MEAN_STANDARDIZED_COEFFICIENT,0.610527,12
LEGACY,logistic_unweighted,months_since_start,MEAN_STANDARDIZED_COEFFICIENT,0,13
LEGACY,logistic_unweighted,expenditure_to_original_cost_ratio,MEAN_STANDARDIZED_COEFFICIENT,0.677422,14
LEGACY,logistic_unweighted,revised_to_original_cost_ratio,MEAN_STANDARDIZED_COEFFICIENT,0.020359,15
LEGACY,logistic_unweighted,cost_has_been_revised,MEAN_STANDARDIZED_COEFFICIENT,-0.603039,16
LEGACY,logistic_unweighted,exp_delta_1m,MEAN_STANDARDIZED_COEFFICIENT,0.267564,17
LEGACY,logistic_unweighted,exp_delta_3m,MEAN_STANDARDIZED_COEFFICIENT,0.477393,18
LEGACY,logistic_unweighted,past_exp_stagnant_3m,MEAN_STANDARDIZED_COEFFICIENT,-0.303494,19
LEGACY,logistic_unweighted,past_progress_delta_3m,MEAN_STANDARDIZED_COEFFICIENT,-0.004762,20
LEGACY,logistic_unweighted,past_progress_stagnant_3m,MEAN_STANDARDIZED_COEFFICIENT,0,21
LEGACY,logistic_unweighted,n_prior_schedule_extensions,MEAN_STANDARDIZED_COEFFICIENT,0,22
LEGACY,logistic_unweighted,n_prior_cost_revisions,MEAN_STANDARDIZED_COEFFICIENT,-0.090208,23
LEGACY,logistic_unweighted,observed_tenure_months,MEAN_STANDARDIZED_COEFFICIENT,-0.063955,24
LEGACY,logistic_unweighted,state_is_missing,MEAN_STANDARDIZED_COEFFICIENT,0,25
LEGACY,logistic_unweighted,approval_date_is_missing,MEAN_STANDARDIZED_COEFFICIENT,-0.024331,26
LEGACY,logistic_unweighted,original_completion_date_is_missing,MEAN_STANDARDIZED_COEFFICIENT,-0.050172,27
LEGACY,logistic_unweighted,revised_cost_is_present,MEAN_STANDARDIZED_COEFFICIENT,-0.041231,28
LEGACY,logistic_unweighted,revised_date_is_present,MEAN_STANDARDIZED_COEFFICIENT,0,29
LEGACY,logistic_unweighted,physical_progress_is_present,MEAN_STANDARDIZED_COEFFICIENT,-0.037957,30
LEGACY,logistic_unweighted,physical_progress_supported,MEAN_STANDARDIZED_COEFFICIENT,-0.021372,31
LEGACY,logistic_unweighted,start_date_is_present,MEAN_STANDARDIZED_COEFFICIENT,-0.060576,32
LEGACY,logistic_unweighted,start_date_supported,MEAN_STANDARDIZED_COEFFICIENT,0.01431,33
LEGACY,logistic_unweighted,exp_delta_1m_is_supported,MEAN_STANDARDIZED_COEFFICIENT,0.23426,34
LEGACY,logistic_unweighted,exp_delta_3m_is_supported,MEAN_STANDARDIZED_COEFFICIENT,0.01431,35
LEGACY,logistic_unweighted,progress_delta_3m_is_supported,MEAN_STANDARDIZED_COEFFICIENT,0.200816,36
LEGACY,logistic_balanced,sector,MEAN_STANDARDIZED_COEFFICIENT,0.595833,1
LEGACY,logistic_balanced,agency,MEAN_STANDARDIZED_COEFFICIENT,-3.149063,2
LEGACY,logistic_balanced,state,MEAN_STANDARDIZED_COEFFICIENT,4.513736,3
LEGACY,logistic_balanced,original_cost,MEAN_STANDARDIZED_COEFFICIENT,-0.125773,4
LEGACY,logistic_balanced,cumulative_expenditure_t,MEAN_STANDARDIZED_COEFFICIENT,0,5
LEGACY,logistic_balanced,revised_cost_t,MEAN_STANDARDIZED_COEFFICIENT,-0.123449,6
LEGACY,logistic_balanced,physical_progress_t,MEAN_STANDARDIZED_COEFFICIENT,0,7
LEGACY,logistic_balanced,project_age_months,MEAN_STANDARDIZED_COEFFICIENT,-0.076339,8
LEGACY,logistic_balanced,months_to_original_schedule,MEAN_STANDARDIZED_COEFFICIENT,0.014724,9
LEGACY,logistic_balanced,months_to_effective_schedule,MEAN_STANDARDIZED_COEFFICIENT,-0.102734,10
LEGACY,logistic_balanced,schedule_revision_lag_months,MEAN_STANDARDIZED_COEFFICIENT,0,11
LEGACY,logistic_balanced,schedule_has_been_revised,MEAN_STANDARDIZED_COEFFICIENT,0.699067,12
LEGACY,logistic_balanced,months_since_start,MEAN_STANDARDIZED_COEFFICIENT,0,13
LEGACY,logistic_balanced,expenditure_to_original_cost_ratio,MEAN_STANDARDIZED_COEFFICIENT,0.636573,14
LEGACY,logistic_balanced,revised_to_original_cost_ratio,MEAN_STANDARDIZED_COEFFICIENT,0.0206,15
LEGACY,logistic_balanced,cost_has_been_revised,MEAN_STANDARDIZED_COEFFICIENT,-0.56923,16
LEGACY,logistic_balanced,exp_delta_1m,MEAN_STANDARDIZED_COEFFICIENT,0.318063,17
LEGACY,logistic_balanced,exp_delta_3m,MEAN_STANDARDIZED_COEFFICIENT,0.446374,18
LEGACY,logistic_balanced,past_exp_stagnant_3m,MEAN_STANDARDIZED_COEFFICIENT,-0.292979,19
LEGACY,logistic_balanced,past_progress_delta_3m,MEAN_STANDARDIZED_COEFFICIENT,0.001749,20
LEGACY,logistic_balanced,past_progress_stagnant_3m,MEAN_STANDARDIZED_COEFFICIENT,0,21
LEGACY,logistic_balanced,n_prior_schedule_extensions,MEAN_STANDARDIZED_COEFFICIENT,0,22
LEGACY,logistic_balanced,n_prior_cost_revisions,MEAN_STANDARDIZED_COEFFICIENT,0.008177,23
LEGACY,logistic_balanced,observed_tenure_months,MEAN_STANDARDIZED_COEFFICIENT,-0.070857,24
LEGACY,logistic_balanced,state_is_missing,MEAN_STANDARDIZED_COEFFICIENT,0,25
LEGACY,logistic_balanced,approval_date_is_missing,MEAN_STANDARDIZED_COEFFICIENT,-0.047275,26
LEGACY,logistic_balanced,original_completion_date_is_missing,MEAN_STANDARDIZED_COEFFICIENT,0.014724,27
LEGACY,logistic_balanced,revised_cost_is_present,MEAN_STANDARDIZED_COEFFICIENT,-0.019755,28
LEGACY,logistic_balanced,revised_date_is_present,MEAN_STANDARDIZED_COEFFICIENT,0,29
LEGACY,logistic_balanced,physical_progress_is_present,MEAN_STANDARDIZED_COEFFICIENT,-0.038984,30
LEGACY,logistic_balanced,physical_progress_supported,MEAN_STANDARDIZED_COEFFICIENT,0.008083,31
LEGACY,logistic_balanced,start_date_is_present,MEAN_STANDARDIZED_COEFFICIENT,-0.069106,32
LEGACY,logistic_balanced,start_date_supported,MEAN_STANDARDIZED_COEFFICIENT,0.081241,33
LEGACY,logistic_balanced,exp_delta_1m_is_supported,MEAN_STANDARDIZED_COEFFICIENT,0.24807,34
LEGACY,logistic_balanced,exp_delta_3m_is_supported,MEAN_STANDARDIZED_COEFFICIENT,0.081241,35
LEGACY,logistic_balanced,progress_delta_3m_is_supported,MEAN_STANDARDIZED_COEFFICIENT,0.204002,36
LEGACY,catboost_unweighted,agency,PREDICTION_VALUES_CHANGE,18.573269,1
LEGACY,catboost_unweighted,state,PREDICTION_VALUES_CHANGE,13.551835,2
LEGACY,catboost_unweighted,physical_progress_t,PREDICTION_VALUES_CHANGE,9.232879,3
LEGACY,catboost_unweighted,sector,PREDICTION_VALUES_CHANGE,8.634275,4
LEGACY,catboost_unweighted,months_to_original_schedule,PREDICTION_VALUES_CHANGE,5.753036,5
LEGACY,catboost_unweighted,project_age_months,PREDICTION_VALUES_CHANGE,5.551422,6
LEGACY,catboost_unweighted,expenditure_to_original_cost_ratio,PREDICTION_VALUES_CHANGE,5.302969,7
LEGACY,catboost_unweighted,exp_delta_1m,PREDICTION_VALUES_CHANGE,4.888381,8
LEGACY,catboost_unweighted,original_cost,PREDICTION_VALUES_CHANGE,4.587134,9
LEGACY,catboost_unweighted,months_to_effective_schedule,PREDICTION_VALUES_CHANGE,4.518388,10
LEGACY,catboost_unweighted,cumulative_expenditure_t,PREDICTION_VALUES_CHANGE,4.042369,11
LEGACY,catboost_unweighted,observed_tenure_months,PREDICTION_VALUES_CHANGE,2.675566,12
LEGACY,catboost_unweighted,schedule_revision_lag_months,PREDICTION_VALUES_CHANGE,2.196329,13
LEGACY,catboost_unweighted,past_progress_stagnant_3m,PREDICTION_VALUES_CHANGE,1.884716,14
LEGACY,catboost_unweighted,revised_to_original_cost_ratio,PREDICTION_VALUES_CHANGE,1.724273,15
LEGACY,catboost_unweighted,past_progress_delta_3m,PREDICTION_VALUES_CHANGE,1.694327,16
LEGACY,catboost_unweighted,revised_cost_t,PREDICTION_VALUES_CHANGE,1.141511,17
LEGACY,catboost_unweighted,n_prior_schedule_extensions,PREDICTION_VALUES_CHANGE,1.08213,18
LEGACY,catboost_unweighted,exp_delta_3m,PREDICTION_VALUES_CHANGE,0.939725,19
LEGACY,catboost_unweighted,exp_delta_1m_is_supported,PREDICTION_VALUES_CHANGE,0.415947,20
LEGACY,catboost_unweighted,n_prior_cost_revisions,PREDICTION_VALUES_CHANGE,0.386263,21
LEGACY,catboost_unweighted,schedule_has_been_revised,PREDICTION_VALUES_CHANGE,0.322123,22
LEGACY,catboost_unweighted,revised_date_is_present,PREDICTION_VALUES_CHANGE,0.23268,23
LEGACY,catboost_unweighted,past_exp_stagnant_3m,PREDICTION_VALUES_CHANGE,0.220314,24
LEGACY,catboost_unweighted,cost_has_been_revised,PREDICTION_VALUES_CHANGE,0.207615,25
LEGACY,catboost_unweighted,revised_cost_is_present,PREDICTION_VALUES_CHANGE,0.140499,26
LEGACY,catboost_unweighted,progress_delta_3m_is_supported,PREDICTION_VALUES_CHANGE,0.054611,27
LEGACY,catboost_unweighted,original_completion_date_is_missing,PREDICTION_VALUES_CHANGE,0.035019,28
LEGACY,catboost_unweighted,exp_delta_3m_is_supported,PREDICTION_VALUES_CHANGE,0.010392,29
LEGACY,catboost_unweighted,start_date_supported,PREDICTION_VALUES_CHANGE,0,30
LEGACY,catboost_unweighted,physical_progress_is_present,PREDICTION_VALUES_CHANGE,0,31
LEGACY,catboost_unweighted,start_date_is_present,PREDICTION_VALUES_CHANGE,0,32
LEGACY,catboost_unweighted,state_is_missing,PREDICTION_VALUES_CHANGE,0,33
LEGACY,catboost_unweighted,physical_progress_supported,PREDICTION_VALUES_CHANGE,0,34
LEGACY,catboost_unweighted,approval_date_is_missing,PREDICTION_VALUES_CHANGE,0,35
LEGACY,catboost_unweighted,months_since_start,PREDICTION_VALUES_CHANGE,0,36
LEGACY,catboost_balanced,agency,PREDICTION_VALUES_CHANGE,20.677923,1
LEGACY,catboost_balanced,state,PREDICTION_VALUES_CHANGE,13.418505,2
LEGACY,catboost_balanced,physical_progress_t,PREDICTION_VALUES_CHANGE,8.983002,3
LEGACY,catboost_balanced,sector,PREDICTION_VALUES_CHANGE,6.203042,4
LEGACY,catboost_balanced,project_age_months,PREDICTION_VALUES_CHANGE,6.090451,5
LEGACY,catboost_balanced,expenditure_to_original_cost_ratio,PREDICTION_VALUES_CHANGE,5.67373,6
LEGACY,catboost_balanced,months_to_original_schedule,PREDICTION_VALUES_CHANGE,5.584,7
LEGACY,catboost_balanced,exp_delta_1m,PREDICTION_VALUES_CHANGE,4.818294,8
LEGACY,catboost_balanced,original_cost,PREDICTION_VALUES_CHANGE,4.643779,9
LEGACY,catboost_balanced,months_to_effective_schedule,PREDICTION_VALUES_CHANGE,4.144267,10
LEGACY,catboost_balanced,cumulative_expenditure_t,PREDICTION_VALUES_CHANGE,3.993386,11
LEGACY,catboost_balanced,observed_tenure_months,PREDICTION_VALUES_CHANGE,2.855393,12
LEGACY,catboost_balanced,schedule_revision_lag_months,PREDICTION_VALUES_CHANGE,2.056925,13
LEGACY,catboost_balanced,revised_to_original_cost_ratio,PREDICTION_VALUES_CHANGE,2.03692,14
LEGACY,catboost_balanced,past_progress_delta_3m,PREDICTION_VALUES_CHANGE,1.860228,15
LEGACY,catboost_balanced,past_progress_stagnant_3m,PREDICTION_VALUES_CHANGE,1.541901,16
LEGACY,catboost_balanced,revised_cost_t,PREDICTION_VALUES_CHANGE,1.237586,17
LEGACY,catboost_balanced,n_prior_schedule_extensions,PREDICTION_VALUES_CHANGE,1.080083,18
LEGACY,catboost_balanced,exp_delta_3m,PREDICTION_VALUES_CHANGE,1.021098,19
LEGACY,catboost_balanced,n_prior_cost_revisions,PREDICTION_VALUES_CHANGE,0.547078,20
LEGACY,catboost_balanced,exp_delta_1m_is_supported,PREDICTION_VALUES_CHANGE,0.48673,21
LEGACY,catboost_balanced,revised_date_is_present,PREDICTION_VALUES_CHANGE,0.278406,22
LEGACY,catboost_balanced,schedule_has_been_revised,PREDICTION_VALUES_CHANGE,0.241009,23
LEGACY,catboost_balanced,revised_cost_is_present,PREDICTION_VALUES_CHANGE,0.172156,24
LEGACY,catboost_balanced,past_exp_stagnant_3m,PREDICTION_VALUES_CHANGE,0.149307,25
LEGACY,catboost_balanced,cost_has_been_revised,PREDICTION_VALUES_CHANGE,0.111097,26
LEGACY,catboost_balanced,progress_delta_3m_is_supported,PREDICTION_VALUES_CHANGE,0.057735,27
LEGACY,catboost_balanced,exp_delta_3m_is_supported,PREDICTION_VALUES_CHANGE,0.019166,28
LEGACY,catboost_balanced,original_completion_date_is_missing,PREDICTION_VALUES_CHANGE,0.016804,29
LEGACY,catboost_balanced,start_date_supported,PREDICTION_VALUES_CHANGE,0,30
LEGACY,catboost_balanced,physical_progress_is_present,PREDICTION_VALUES_CHANGE,0,31
LEGACY,catboost_balanced,start_date_is_present,PREDICTION_VALUES_CHANGE,0,32
LEGACY,catboost_balanced,state_is_missing,PREDICTION_VALUES_CHANGE,0,33
LEGACY,catboost_balanced,physical_progress_supported,PREDICTION_VALUES_CHANGE,0,34
LEGACY,catboost_balanced,approval_date_is_missing,PREDICTION_VALUES_CHANGE,0,35
LEGACY,catboost_balanced,months_since_start,PREDICTION_VALUES_CHANGE,0,36
MODERN,logistic_unweighted,sector,MEAN_STANDARDIZED_COEFFICIENT,1.932497,1
MODERN,logistic_unweighted,agency,MEAN_STANDARDIZED_COEFFICIENT,-1.274558,2
MODERN,logistic_unweighted,state,MEAN_STANDARDIZED_COEFFICIENT,1.79072,3
MODERN,logistic_unweighted,original_cost,MEAN_STANDARDIZED_COEFFICIENT,-0.386195,4
MODERN,logistic_unweighted,cumulative_expenditure_t,MEAN_STANDARDIZED_COEFFICIENT,0,5
MODERN,logistic_unweighted,revised_cost_t,MEAN_STANDARDIZED_COEFFICIENT,-0.067757,6
MODERN,logistic_unweighted,physical_progress_t,MEAN_STANDARDIZED_COEFFICIENT,0,7
MODERN,logistic_unweighted,project_age_months,MEAN_STANDARDIZED_COEFFICIENT,0.309078,8
MODERN,logistic_unweighted,months_to_original_schedule,MEAN_STANDARDIZED_COEFFICIENT,0,9
MODERN,logistic_unweighted,months_to_effective_schedule,MEAN_STANDARDIZED_COEFFICIENT,0.03563,10
MODERN,logistic_unweighted,schedule_revision_lag_months,MEAN_STANDARDIZED_COEFFICIENT,0,11
MODERN,logistic_unweighted,schedule_has_been_revised,MEAN_STANDARDIZED_COEFFICIENT,0.339155,12
MODERN,logistic_unweighted,months_since_start,MEAN_STANDARDIZED_COEFFICIENT,-0.011532,13
MODERN,logistic_unweighted,expenditure_to_original_cost_ratio,MEAN_STANDARDIZED_COEFFICIENT,0.046554,14
MODERN,logistic_unweighted,revised_to_original_cost_ratio,MEAN_STANDARDIZED_COEFFICIENT,0,15
MODERN,logistic_unweighted,cost_has_been_revised,MEAN_STANDARDIZED_COEFFICIENT,0.191475,16
MODERN,logistic_unweighted,exp_delta_1m,MEAN_STANDARDIZED_COEFFICIENT,0,17
MODERN,logistic_unweighted,exp_delta_3m,MEAN_STANDARDIZED_COEFFICIENT,0.119182,18
MODERN,logistic_unweighted,past_exp_stagnant_3m,MEAN_STANDARDIZED_COEFFICIENT,0.034609,19
MODERN,logistic_unweighted,past_progress_delta_3m,MEAN_STANDARDIZED_COEFFICIENT,-0.196686,20
MODERN,logistic_unweighted,past_progress_stagnant_3m,MEAN_STANDARDIZED_COEFFICIENT,0,21
MODERN,logistic_unweighted,n_prior_schedule_extensions,MEAN_STANDARDIZED_COEFFICIENT,0.350488,22
MODERN,logistic_unweighted,n_prior_cost_revisions,MEAN_STANDARDIZED_COEFFICIENT,-0.168355,23
MODERN,logistic_unweighted,observed_tenure_months,MEAN_STANDARDIZED_COEFFICIENT,0.166219,24
MODERN,logistic_unweighted,state_is_missing,MEAN_STANDARDIZED_COEFFICIENT,0,25
MODERN,logistic_unweighted,approval_date_is_missing,MEAN_STANDARDIZED_COEFFICIENT,-0.051647,26
MODERN,logistic_unweighted,original_completion_date_is_missing,MEAN_STANDARDIZED_COEFFICIENT,0,27
MODERN,logistic_unweighted,revised_cost_is_present,MEAN_STANDARDIZED_COEFFICIENT,0,28
MODERN,logistic_unweighted,revised_date_is_present,MEAN_STANDARDIZED_COEFFICIENT,0,29
MODERN,logistic_unweighted,physical_progress_is_present,MEAN_STANDARDIZED_COEFFICIENT,-0.0538,30
MODERN,logistic_unweighted,physical_progress_supported,MEAN_STANDARDIZED_COEFFICIENT,-0.015253,31
MODERN,logistic_unweighted,start_date_is_present,MEAN_STANDARDIZED_COEFFICIENT,-0.038828,32
MODERN,logistic_unweighted,start_date_supported,MEAN_STANDARDIZED_COEFFICIENT,-0.115739,33
MODERN,logistic_unweighted,exp_delta_1m_is_supported,MEAN_STANDARDIZED_COEFFICIENT,0.110305,34
MODERN,logistic_unweighted,exp_delta_3m_is_supported,MEAN_STANDARDIZED_COEFFICIENT,-0.115739,35
MODERN,logistic_unweighted,progress_delta_3m_is_supported,MEAN_STANDARDIZED_COEFFICIENT,0.173608,36
MODERN,logistic_balanced,sector,MEAN_STANDARDIZED_COEFFICIENT,2.038829,1
MODERN,logistic_balanced,agency,MEAN_STANDARDIZED_COEFFICIENT,-1.438577,2
MODERN,logistic_balanced,state,MEAN_STANDARDIZED_COEFFICIENT,1.767079,3
MODERN,logistic_balanced,original_cost,MEAN_STANDARDIZED_COEFFICIENT,-0.370932,4
MODERN,logistic_balanced,cumulative_expenditure_t,MEAN_STANDARDIZED_COEFFICIENT,0,5
MODERN,logistic_balanced,revised_cost_t,MEAN_STANDARDIZED_COEFFICIENT,-0.092554,6
MODERN,logistic_balanced,physical_progress_t,MEAN_STANDARDIZED_COEFFICIENT,0,7
MODERN,logistic_balanced,project_age_months,MEAN_STANDARDIZED_COEFFICIENT,0.324007,8
MODERN,logistic_balanced,months_to_original_schedule,MEAN_STANDARDIZED_COEFFICIENT,0,9
MODERN,logistic_balanced,months_to_effective_schedule,MEAN_STANDARDIZED_COEFFICIENT,0.032558,10
MODERN,logistic_balanced,schedule_revision_lag_months,MEAN_STANDARDIZED_COEFFICIENT,0,11
MODERN,logistic_balanced,schedule_has_been_revised,MEAN_STANDARDIZED_COEFFICIENT,0.375882,12
MODERN,logistic_balanced,months_since_start,MEAN_STANDARDIZED_COEFFICIENT,-0.003378,13
MODERN,logistic_balanced,expenditure_to_original_cost_ratio,MEAN_STANDARDIZED_COEFFICIENT,0.053373,14
MODERN,logistic_balanced,revised_to_original_cost_ratio,MEAN_STANDARDIZED_COEFFICIENT,0,15
MODERN,logistic_balanced,cost_has_been_revised,MEAN_STANDARDIZED_COEFFICIENT,0.197846,16
MODERN,logistic_balanced,exp_delta_1m,MEAN_STANDARDIZED_COEFFICIENT,0,17
MODERN,logistic_balanced,exp_delta_3m,MEAN_STANDARDIZED_COEFFICIENT,0.114339,18
MODERN,logistic_balanced,past_exp_stagnant_3m,MEAN_STANDARDIZED_COEFFICIENT,0.062964,19
MODERN,logistic_balanced,past_progress_delta_3m,MEAN_STANDARDIZED_COEFFICIENT,-0.193106,20
MODERN,logistic_balanced,past_progress_stagnant_3m,MEAN_STANDARDIZED_COEFFICIENT,0,21
MODERN,logistic_balanced,n_prior_schedule_extensions,MEAN_STANDARDIZED_COEFFICIENT,0.381555,22
MODERN,logistic_balanced,n_prior_cost_revisions,MEAN_STANDARDIZED_COEFFICIENT,-0.15573,23
MODERN,logistic_balanced,observed_tenure_months,MEAN_STANDARDIZED_COEFFICIENT,0.178423,24
MODERN,logistic_balanced,state_is_missing,MEAN_STANDARDIZED_COEFFICIENT,0,25
MODERN,logistic_balanced,approval_date_is_missing,MEAN_STANDARDIZED_COEFFICIENT,-0.059703,26
MODERN,logistic_balanced,original_completion_date_is_missing,MEAN_STANDARDIZED_COEFFICIENT,0,27
MODERN,logistic_balanced,revised_cost_is_present,MEAN_STANDARDIZED_COEFFICIENT,0,28
MODERN,logistic_balanced,revised_date_is_present,MEAN_STANDARDIZED_COEFFICIENT,0,29
MODERN,logistic_balanced,physical_progress_is_present,MEAN_STANDARDIZED_COEFFICIENT,-0.057063,30
MODERN,logistic_balanced,physical_progress_supported,MEAN_STANDARDIZED_COEFFICIENT,0.014228,31
MODERN,logistic_balanced,start_date_is_present,MEAN_STANDARDIZED_COEFFICIENT,-0.054952,32
MODERN,logistic_balanced,start_date_supported,MEAN_STANDARDIZED_COEFFICIENT,-0.062026,33
MODERN,logistic_balanced,exp_delta_1m_is_supported,MEAN_STANDARDIZED_COEFFICIENT,0.115839,34
MODERN,logistic_balanced,exp_delta_3m_is_supported,MEAN_STANDARDIZED_COEFFICIENT,-0.062026,35
MODERN,logistic_balanced,progress_delta_3m_is_supported,MEAN_STANDARDIZED_COEFFICIENT,0.158838,36
MODERN,catboost_unweighted,sector,PREDICTION_VALUES_CHANGE,13.162025,1
MODERN,catboost_unweighted,agency,PREDICTION_VALUES_CHANGE,12.586999,2
MODERN,catboost_unweighted,physical_progress_t,PREDICTION_VALUES_CHANGE,11.691444,3
MODERN,catboost_unweighted,state,PREDICTION_VALUES_CHANGE,7.55994,4
MODERN,catboost_unweighted,months_to_effective_schedule,PREDICTION_VALUES_CHANGE,6.720307,5
MODERN,catboost_unweighted,cumulative_expenditure_t,PREDICTION_VALUES_CHANGE,5.168446,6
MODERN,catboost_unweighted,expenditure_to_original_cost_ratio,PREDICTION_VALUES_CHANGE,5.004776,7
MODERN,catboost_unweighted,months_to_original_schedule,PREDICTION_VALUES_CHANGE,4.863737,8
MODERN,catboost_unweighted,months_since_start,PREDICTION_VALUES_CHANGE,4.771272,9
MODERN,catboost_unweighted,project_age_months,PREDICTION_VALUES_CHANGE,4.699045,10
MODERN,catboost_unweighted,original_cost,PREDICTION_VALUES_CHANGE,4.479276,11
MODERN,catboost_unweighted,exp_delta_1m,PREDICTION_VALUES_CHANGE,3.650167,12
MODERN,catboost_unweighted,revised_cost_t,PREDICTION_VALUES_CHANGE,3.015632,13
MODERN,catboost_unweighted,schedule_revision_lag_months,PREDICTION_VALUES_CHANGE,2.728334,14
MODERN,catboost_unweighted,revised_to_original_cost_ratio,PREDICTION_VALUES_CHANGE,2.528628,15
MODERN,catboost_unweighted,observed_tenure_months,PREDICTION_VALUES_CHANGE,2.348931,16
MODERN,catboost_unweighted,exp_delta_3m,PREDICTION_VALUES_CHANGE,0.94407,17
MODERN,catboost_unweighted,past_progress_stagnant_3m,PREDICTION_VALUES_CHANGE,0.898444,18
MODERN,catboost_unweighted,past_progress_delta_3m,PREDICTION_VALUES_CHANGE,0.8421,19
MODERN,catboost_unweighted,n_prior_schedule_extensions,PREDICTION_VALUES_CHANGE,0.659404,20
MODERN,catboost_unweighted,n_prior_cost_revisions,PREDICTION_VALUES_CHANGE,0.595796,21
MODERN,catboost_unweighted,past_exp_stagnant_3m,PREDICTION_VALUES_CHANGE,0.280394,22
MODERN,catboost_unweighted,revised_date_is_present,PREDICTION_VALUES_CHANGE,0.225248,23
MODERN,catboost_unweighted,exp_delta_1m_is_supported,PREDICTION_VALUES_CHANGE,0.190275,24
MODERN,catboost_unweighted,schedule_has_been_revised,PREDICTION_VALUES_CHANGE,0.139917,25
MODERN,catboost_unweighted,exp_delta_3m_is_supported,PREDICTION_VALUES_CHANGE,0.082106,26
MODERN,catboost_unweighted,progress_delta_3m_is_supported,PREDICTION_VALUES_CHANGE,0.077828,27
MODERN,catboost_unweighted,start_date_is_present,PREDICTION_VALUES_CHANGE,0.067064,28
MODERN,catboost_unweighted,start_date_supported,PREDICTION_VALUES_CHANGE,0.018394,29
MODERN,catboost_unweighted,original_completion_date_is_missing,PREDICTION_VALUES_CHANGE,0,30
MODERN,catboost_unweighted,revised_cost_is_present,PREDICTION_VALUES_CHANGE,0,31
MODERN,catboost_unweighted,physical_progress_is_present,PREDICTION_VALUES_CHANGE,0,32
MODERN,catboost_unweighted,approval_date_is_missing,PREDICTION_VALUES_CHANGE,0,33
MODERN,catboost_unweighted,state_is_missing,PREDICTION_VALUES_CHANGE,0,34
MODERN,catboost_unweighted,physical_progress_supported,PREDICTION_VALUES_CHANGE,0,35
MODERN,catboost_unweighted,cost_has_been_revised,PREDICTION_VALUES_CHANGE,0,36
MODERN,catboost_balanced,sector,PREDICTION_VALUES_CHANGE,13.291449,1
MODERN,catboost_balanced,agency,PREDICTION_VALUES_CHANGE,12.887905,2
MODERN,catboost_balanced,physical_progress_t,PREDICTION_VALUES_CHANGE,11.104808,3
MODERN,catboost_balanced,state,PREDICTION_VALUES_CHANGE,7.792808,4
MODERN,catboost_balanced,months_to_effective_schedule,PREDICTION_VALUES_CHANGE,6.041892,5
MODERN,catboost_balanced,cumulative_expenditure_t,PREDICTION_VALUES_CHANGE,5.319793,6
MODERN,catboost_balanced,original_cost,PREDICTION_VALUES_CHANGE,4.996811,7
MODERN,catboost_balanced,expenditure_to_original_cost_ratio,PREDICTION_VALUES_CHANGE,4.697121,8
MODERN,catboost_balanced,months_since_start,PREDICTION_VALUES_CHANGE,4.564922,9
MODERN,catboost_balanced,months_to_original_schedule,PREDICTION_VALUES_CHANGE,4.336706,10
MODERN,catboost_balanced,project_age_months,PREDICTION_VALUES_CHANGE,4.334033,11
MODERN,catboost_balanced,exp_delta_1m,PREDICTION_VALUES_CHANGE,3.859088,12
MODERN,catboost_balanced,schedule_revision_lag_months,PREDICTION_VALUES_CHANGE,3.245604,13
MODERN,catboost_balanced,revised_cost_t,PREDICTION_VALUES_CHANGE,3.187143,14
MODERN,catboost_balanced,revised_to_original_cost_ratio,PREDICTION_VALUES_CHANGE,2.652638,15
MODERN,catboost_balanced,observed_tenure_months,PREDICTION_VALUES_CHANGE,2.333503,16
MODERN,catboost_balanced,exp_delta_3m,PREDICTION_VALUES_CHANGE,1.117494,17
MODERN,catboost_balanced,past_progress_delta_3m,PREDICTION_VALUES_CHANGE,0.957812,18
MODERN,catboost_balanced,n_prior_schedule_extensions,PREDICTION_VALUES_CHANGE,0.917444,19
MODERN,catboost_balanced,past_progress_stagnant_3m,PREDICTION_VALUES_CHANGE,0.770503,20
MODERN,catboost_balanced,n_prior_cost_revisions,PREDICTION_VALUES_CHANGE,0.731626,21
MODERN,catboost_balanced,revised_date_is_present,PREDICTION_VALUES_CHANGE,0.244321,22
MODERN,catboost_balanced,schedule_has_been_revised,PREDICTION_VALUES_CHANGE,0.176557,23
MODERN,catboost_balanced,past_exp_stagnant_3m,PREDICTION_VALUES_CHANGE,0.175165,24
MODERN,catboost_balanced,exp_delta_1m_is_supported,PREDICTION_VALUES_CHANGE,0.130651,25
MODERN,catboost_balanced,start_date_supported,PREDICTION_VALUES_CHANGE,0.033628,26
MODERN,catboost_balanced,progress_delta_3m_is_supported,PREDICTION_VALUES_CHANGE,0.030118,27
MODERN,catboost_balanced,exp_delta_3m_is_supported,PREDICTION_VALUES_CHANGE,0.025901,28
MODERN,catboost_balanced,start_date_is_present,PREDICTION_VALUES_CHANGE,0.024668,29
MODERN,catboost_balanced,approval_date_is_missing,PREDICTION_VALUES_CHANGE,0.012117,30
MODERN,catboost_balanced,state_is_missing,PREDICTION_VALUES_CHANGE,0.005772,31
MODERN,catboost_balanced,revised_cost_is_present,PREDICTION_VALUES_CHANGE,0,32
MODERN,catboost_balanced,physical_progress_is_present,PREDICTION_VALUES_CHANGE,0,33
MODERN,catboost_balanced,physical_progress_supported,PREDICTION_VALUES_CHANGE,0,34
MODERN,catboost_balanced,original_completion_date_is_missing,PREDICTION_VALUES_CHANGE,0,35
MODERN,catboost_balanced,cost_has_been_revised,PREDICTION_VALUES_CHANGE,0,36
