regime,candidate_model,metric,point_estimate,bootstrap_method,iterations,ci_lower_95,ci_upper_95
LEGACY,prevalence,average_precision,0.0180705887433215,PROJECT_CLUSTER_BOOTSTRAP,1000,0.0148463365564081,0.0220392349135184
LEGACY,prevalence,average_precision,,MONTH_BLOCK_BOOTSTRAP,1000,0.015263669525705,0.0201386719087668
LEGACY,prevalence,roc_auc,0.501579442238088,PROJECT_CLUSTER_BOOTSTRAP,1000,0.460480845585467,0.547846078102518
LEGACY,prevalence,roc_auc,,MONTH_BLOCK_BOOTSTRAP,1000,0.467929286936399,0.532005788714553
LEGACY,prevalence,brier_score,0.0174783986205343,PROJECT_CLUSTER_BOOTSTRAP,1000,0.014722977448601,0.020422829562456
LEGACY,prevalence,brier_score,,MONTH_BLOCK_BOOTSTRAP,1000,0.0156722268723329,0.0192247613478589
LEGACY,lagged_cost_rule,average_precision,0.0186240656483588,PROJECT_CLUSTER_BOOTSTRAP,1000,0.015089825518027,0.0224572021051952
LEGACY,lagged_cost_rule,average_precision,,MONTH_BLOCK_BOOTSTRAP,1000,0.0163227687639085,0.0223971454812109
LEGACY,lagged_cost_rule,roc_auc,0.509080896137983,PROJECT_CLUSTER_BOOTSTRAP,1000,0.50152852161004,0.516902335831502
LEGACY,lagged_cost_rule,roc_auc,,MONTH_BLOCK_BOOTSTRAP,1000,0.500540408224604,0.517887281119164
LEGACY,lagged_cost_rule,brier_score,0.0256774533017627,PROJECT_CLUSTER_BOOTSTRAP,1000,0.0218768645912842,0.0296224194334649
LEGACY,lagged_cost_rule,brier_score,,MONTH_BLOCK_BOOTSTRAP,1000,0.0209286203942354,0.0310674663397844
LEGACY,logistic_unweighted,average_precision,0.0207416873934996,PROJECT_CLUSTER_BOOTSTRAP,1000,0.0164503977958187,0.0283340429173107
LEGACY,logistic_unweighted,average_precision,,MONTH_BLOCK_BOOTSTRAP,1000,0.0190066497391615,0.0248143709263026
LEGACY,logistic_unweighted,roc_auc,0.54943769783879,PROJECT_CLUSTER_BOOTSTRAP,1000,0.508145336224825,0.591736927913503
LEGACY,logistic_unweighted,roc_auc,,MONTH_BLOCK_BOOTSTRAP,1000,0.522510253914274,0.573050403312438
LEGACY,logistic_unweighted,brier_score,0.0363283511848305,PROJECT_CLUSTER_BOOTSTRAP,1000,0.0333588192740169,0.0394460795276294
LEGACY,logistic_unweighted,brier_score,,MONTH_BLOCK_BOOTSTRAP,1000,0.0172275380440656,0.0636596663791934
LEGACY,logistic_balanced,average_precision,0.0228561934164771,PROJECT_CLUSTER_BOOTSTRAP,1000,0.0175746933077695,0.0368573684594084
LEGACY,logistic_balanced,average_precision,,MONTH_BLOCK_BOOTSTRAP,1000,0.0204196343923129,0.0278991266761559
LEGACY,logistic_balanced,roc_auc,0.558447891717617,PROJECT_CLUSTER_BOOTSTRAP,1000,0.513473272476598,0.602233354604756
LEGACY,logistic_balanced,roc_auc,,MONTH_BLOCK_BOOTSTRAP,1000,0.527126126679794,0.591725957639484
LEGACY,logistic_balanced,brier_score,0.192614429668564,PROJECT_CLUSTER_BOOTSTRAP,1000,0.187285344157264,0.197582951752088
LEGACY,logistic_balanced,brier_score,,MONTH_BLOCK_BOOTSTRAP,1000,0.0910138066151603,0.32154354270786
LEGACY,catboost_unweighted,average_precision,0.0279188042007945,PROJECT_CLUSTER_BOOTSTRAP,1000,0.0199078566110573,0.0408242373893254
LEGACY,catboost_unweighted,average_precision,,MONTH_BLOCK_BOOTSTRAP,1000,0.0226469519040143,0.0386938382466094
LEGACY,catboost_unweighted,roc_auc,0.602086968083071,PROJECT_CLUSTER_BOOTSTRAP,1000,0.550779189292385,0.644227559444826
LEGACY,catboost_unweighted,roc_auc,,MONTH_BLOCK_BOOTSTRAP,1000,0.545653076471985,0.657420288618887
LEGACY,catboost_unweighted,brier_score,0.01834404261395,PROJECT_CLUSTER_BOOTSTRAP,1000,0.0154133911809847,0.0214118250158295
LEGACY,catboost_unweighted,brier_score,,MONTH_BLOCK_BOOTSTRAP,1000,0.0158633912045027,0.0208380333907259
LEGACY,catboost_balanced,average_precision,0.0266465616469399,PROJECT_CLUSTER_BOOTSTRAP,1000,0.0182227137036054,0.0426255668903766
LEGACY,catboost_balanced,average_precision,,MONTH_BLOCK_BOOTSTRAP,1000,0.0202786054870463,0.038741592114138
LEGACY,catboost_balanced,roc_auc,0.55338044479134,PROJECT_CLUSTER_BOOTSTRAP,1000,0.504261450246615,0.59812562753644
LEGACY,catboost_balanced,roc_auc,,MONTH_BLOCK_BOOTSTRAP,1000,0.501496122616786,0.60999655481064
LEGACY,catboost_balanced,brier_score,0.0404879867075771,PROJECT_CLUSTER_BOOTSTRAP,1000,0.0369646078880456,0.0441931795510957
LEGACY,catboost_balanced,brier_score,,MONTH_BLOCK_BOOTSTRAP,1000,0.0344089384936551,0.047551856445457
MODERN,prevalence,average_precision,0.0137449116447243,PROJECT_CLUSTER_BOOTSTRAP,1000,0.0113140925053911,0.0167872157300719
MODERN,prevalence,average_precision,,MONTH_BLOCK_BOOTSTRAP,1000,0.00704660566188954,0.0333540419703407
MODERN,prevalence,roc_auc,0.277885024559082,PROJECT_CLUSTER_BOOTSTRAP,1000,0.22360244129981,0.3330091750629
MODERN,prevalence,roc_auc,,MONTH_BLOCK_BOOTSTRAP,1000,0.261443152296815,0.501852798175706
MODERN,prevalence,brier_score,0.0173246772363161,PROJECT_CLUSTER_BOOTSTRAP,1000,0.0140998023952002,0.0209037808545705
MODERN,prevalence,brier_score,,MONTH_BLOCK_BOOTSTRAP,1000,0.00806558650965895,0.0348177756948588
MODERN,lagged_cost_rule,average_precision,0.0173102529960053,PROJECT_CLUSTER_BOOTSTRAP,1000,0.0139693941101911,0.0210293580496913
MODERN,lagged_cost_rule,average_precision,,MONTH_BLOCK_BOOTSTRAP,1000,0.00759624050469937,0.0357695897717468
MODERN,lagged_cost_rule,roc_auc,0.477888642522789,PROJECT_CLUSTER_BOOTSTRAP,1000,0.475854758098481,0.479883585645686
MODERN,lagged_cost_rule,roc_auc,,MONTH_BLOCK_BOOTSTRAP,1000,0.460626009191405,0.492594551705898
MODERN,lagged_cost_rule,brier_score,0.0607674615663963,PROJECT_CLUSTER_BOOTSTRAP,1000,0.0557380741351663,0.0659740559776445
MODERN,lagged_cost_rule,brier_score,,MONTH_BLOCK_BOOTSTRAP,1000,0.0375759928331183,0.0889646256904454
MODERN,logistic_unweighted,average_precision,0.01785646888864,PROJECT_CLUSTER_BOOTSTRAP,1000,0.0104309653952788,0.0344412620073182
MODERN,logistic_unweighted,average_precision,,MONTH_BLOCK_BOOTSTRAP,1000,0.00639947904954168,0.0401936216170979
MODERN,logistic_unweighted,roc_auc,0.302602177325015,PROJECT_CLUSTER_BOOTSTRAP,1000,0.25932708548873,0.347805279101199
MODERN,logistic_unweighted,roc_auc,,MONTH_BLOCK_BOOTSTRAP,1000,0.270108009523065,0.504432081479921
MODERN,logistic_unweighted,brier_score,0.0203551473923059,PROJECT_CLUSTER_BOOTSTRAP,1000,0.0170183382346998,0.0238631402302985
MODERN,logistic_unweighted,brier_score,,MONTH_BLOCK_BOOTSTRAP,1000,0.00919013817125321,0.0379228095136733
MODERN,logistic_balanced,average_precision,0.021012752281326,PROJECT_CLUSTER_BOOTSTRAP,1000,0.0120568833419281,0.0367078598863599
MODERN,logistic_balanced,average_precision,,MONTH_BLOCK_BOOTSTRAP,1000,0.00600214063139828,0.0522933759092257
MODERN,logistic_balanced,roc_auc,0.389548305845423,PROJECT_CLUSTER_BOOTSTRAP,1000,0.344645380296622,0.438343530465346
MODERN,logistic_balanced,roc_auc,,MONTH_BLOCK_BOOTSTRAP,1000,0.296005167369581,0.535076870222451
MODERN,logistic_balanced,brier_score,0.171466661552267,PROJECT_CLUSTER_BOOTSTRAP,1000,0.166318742939785,0.177071324957615
MODERN,logistic_balanced,brier_score,,MONTH_BLOCK_BOOTSTRAP,1000,0.119379769292251,0.256066411520635
MODERN,catboost_unweighted,average_precision,0.0180763588686887,PROJECT_CLUSTER_BOOTSTRAP,1000,0.014529733726571,0.02326121184921
MODERN,catboost_unweighted,average_precision,,MONTH_BLOCK_BOOTSTRAP,1000,0.00631622303702525,0.0633142942471801
MODERN,catboost_unweighted,roc_auc,0.528689590773848,PROJECT_CLUSTER_BOOTSTRAP,1000,0.479721274792145,0.580336130348404
MODERN,catboost_unweighted,roc_auc,,MONTH_BLOCK_BOOTSTRAP,1000,0.387313982907345,0.64429672358387
MODERN,catboost_unweighted,brier_score,0.0190644193510627,PROJECT_CLUSTER_BOOTSTRAP,1000,0.0154130232195454,0.0225972221869068
MODERN,catboost_unweighted,brier_score,,MONTH_BLOCK_BOOTSTRAP,1000,0.00995695149967644,0.0360300236517044
MODERN,catboost_balanced,average_precision,0.0206965253957426,PROJECT_CLUSTER_BOOTSTRAP,1000,0.0165146208750729,0.0262721968970387
MODERN,catboost_balanced,average_precision,,MONTH_BLOCK_BOOTSTRAP,1000,0.00750445199488725,0.0650213119952756
MODERN,catboost_balanced,roc_auc,0.585123794658163,PROJECT_CLUSTER_BOOTSTRAP,1000,0.534578206721296,0.635870695369403
MODERN,catboost_balanced,roc_auc,,MONTH_BLOCK_BOOTSTRAP,1000,0.474204257649394,0.673629907264095
MODERN,catboost_balanced,brier_score,0.0279012298939283,PROJECT_CLUSTER_BOOTSTRAP,1000,0.0241431197702166,0.0320062908651558
MODERN,catboost_balanced,brier_score,,MONTH_BLOCK_BOOTSTRAP,1000,0.0174954457053799,0.0399585272586304
